pathogenProtein	pStart	pEnd	pathogenSequence	hostProtein	hStart	hEnd	hostSequence	alnScore	percID
K0EFM8	56	70	PGVAKTLLVRALAT	Q9BVQ7	506	520	PGCAKTTLVRALAT	55.0	85.71428571428571
K0EGF8	285	296	CAFASAGKPAT	O00358	246	257	CAFASAGAPAT	52.0	90.9090909090909
K0EHX3	487	498	GKGAGGAGGPG	Q00975	22	33	GGGAGGAGGPG	55.0	90.9090909090909
K0EHX3	540	551	GMGPGPGPGAA	Q674X7	42	53	GGGPGPGPGAA	56.0	90.9090909090909
K0EHX3	489	500	GAGGAGGPGGA	Q8N594	58	69	GAGGCGGPGGA	57.0	90.9090909090909
K0EHX3	489	500	GAGGAGGPGGA	Q92900	54	65	GGGGAGGPGGA	57.0	90.9090909090909
K0EHX5	338	350	AYGPGPGAAAAP	Q9BXK1	64	76	ASGPGPGAAAAP	57.0	91.66666666666667
K0EHY3	332	343	PPLPDAPPQPA	Q15911	2048	2059	PPLPAAPPQPA	57.0	90.9090909090909
K0EI08	303	317	TTPASTVPAETTPA	O75151	980	994	TTPASTTPASTTPA	62.0	85.71428571428571
K0EI08	253	264	TGTPGTPGTPG	Q8IVW8	68	79	TGPPGTPGTPG	59.0	90.9090909090909
K0EI30	33	45	TEAPAPAAVPPP	Q92985	138	150	TEAEAPAAVPPP	57.0	91.66666666666667
K0EII9	259	271	LLKPGQEPADAL	Q8NFU0	269	281	LLKPGQEPAPAL	54.0	91.66666666666667
K0EIJ8	166	177	DLARRLGLHLV	Q9HBL8	98	109	DLARRLGLHYV	49.0	90.9090909090909
K0EIS6	314	328	STTPASTTPANTSP	O75151	979	997	STTPASTTPASTTPASTS	64.0	85.71428571428571
K0EIS6	350	361	PSGVPGSPGSP	P29400	1045	1056	PSGVPGQPGSP	58.0	90.9090909090909
K0EJT3	89	100	LYRIGQSLVFF	P35579	752	763	LYRIGQSKVFF	49.0	90.9090909090909
K0EKC2	54	66	RSVLDIGAGTGI	Q6P2P2	178	190	KSVLDIGAGTGI	55.0	91.66666666666667
K0ELF8	133	144	VVGHSMGGKLA	Q8NFV4	136	147	VVGHSMGGKTA	51.0	90.9090909090909
K0EM02	143	154	GNGGLGLLAAC	P06737	132	143	GNGGLGRLAAC	53.0	90.9090909090909
K0EM02	143	154	GNGGLGLLAAC	P11216	132	143	GNGGLGRLAAC	53.0	90.9090909090909
K0EM02	143	154	GNGGLGLLAAC	P11217	132	143	GNGGLGRLAAC	53.0	90.9090909090909
K0EM77	204	218	AAPAAVPPPAPPAP	O00268	263	277	AAPAAAPPPPPPAP	68.0	85.71428571428571
K0EM77	200	211	PVPAAAPAAVP	O00303	16	27	PVPAAAPASVP	53.0	90.9090909090909
K0EM77	209	220	VPPPAPPAPAA	Q147X3	11	22	LPPPAPPAPAA	59.0	90.9090909090909
K0EME7	54	65	LPGLIDAHVHL	P27708	1463	1474	LPGLIDVHVHL	55.0	90.9090909090909
K0EMI6	48	59	PAPAPAPAPES	P12829	22	33	PAPAPAPAPEA	57.0	90.9090909090909
K0EMJ2	997	1008	PPRLPKLAALN	O00299	89	100	PPRYPKLAALN	52.0	90.9090909090909
K0EMT3	709	720	GPPRPPGAPAE	P25940	1480	1491	GPPGPPGAPAE	58.0	90.9090909090909
K0EMT3	707	718	PGGPPRPPGAP	Q86T65	561	572	PGGPPTPPGAP	63.0	90.9090909090909
K0ENA0	125	136	LASSFLEFLRQ	Q69YN4	1392	1403	LASSFLEFMRQ	49.0	90.9090909090909
K0ENK5	314	326	GVAPLAWDLPEP	P08949	22	34	GVAPLSWDLPEP	66.0	91.66666666666667
K0ENM8	247	258	VGPVAPAPRDP	Q9H425	74	85	VGPRAPAPRDP	54.0	90.9090909090909
K0ENP2	26	37	QQPPQQQPGPQ	Q9UBL0	518	529	QQPPQQQPSPQ	58.0	90.9090909090909
K0ENR9	181	192	GGALGNVLGGL	P04632	21	32	GGGLGNVLGGL	52.0	90.9090909090909
K0ENV8	280	294	GAAGGIGTPAAAAA	Q16676	242	256	GAAGGAGDPAAAAA	57.0	85.71428571428571
K0ENW4	211	226	IQGAPGTGKTAVGLH	Q9BYK8	2171	2186	IQGPPGTGKTIVGLH	69.0	86.66666666666667
K0ENW4	211	225	IQGAPGTGKTAVGL	Q9P2E3	616	630	IQGPPGTGKTYVGL	60.0	85.71428571428571
K0EP02	247	259	PAAPAPAAPPAA	O00268	257	269	PAAPAPAAPAAA	55.0	91.66666666666667
K0EP02	242	258	PAAAAPAAPAPAAPPA	Q9UEW8	28	46	AAATAAPAPAAPAAPAPA	55.0	85.71428571428571
K0EP42	255	266	VVFAVICLLTT	P22732	442	453	IVFAVICLLTT	52.0	90.9090909090909
K0EP92	6	17	DVVVIGSGFGG	Q6NUM9	68	79	DVVVIGSGFGG	56.0	100.0
K0EPM6	465	477	PASAAAPPPAAA	O14558	147	159	PASAQAPPPAAA	55.0	91.66666666666667
K0EQR3	104	118	AVTDELATTVLAEA	Q96N76	461	475	AVTDELATSVLEEA	54.0	85.71428571428571
K0EQS3	168	182	PAPEPPAPAPLFPP	O14828	50	64	PAYEPPAPAPLPPP	63.0	85.71428571428571
K0EQS3	168	178	PAPEPPAPAP	Q96KN4	132	142	PAPEPPAPAP	59.0	100.0
K0EQV7	1045	1059	PVLALLALVALPLL	P37023	124	138	PVLALLALVALGVL	50.0	85.71428571428571
K0EQW1	63	75	APAPAAAAPAPA	Q9BXA9	316	328	APAPAAPAPAPA	55.0	91.66666666666667
K0EQW1	63	77	APAPAAAAPAPAAP	Q9UEW8	26	40	APAAATAAPAPAAP	59.0	85.71428571428571
K0ERG1	99	110	GHRDDLAAALG	Q9H2D6	1599	1610	GHRDDLARALG	52.0	90.9090909090909
K0ERT0	23	34	SKLVRHWRIHT	Q15776	334	345	SGLVRHWRIHT	56.0	90.9090909090909
K0ERV4	248	258	YLAKHDVLTL	P51878	85	95	YLAKHDVLTL	51.0	100.0
K0ESG1	470	481	GGGGGGAAALG	Q9UL25	4	15	GGGGGGAAAAG	53.0	90.9090909090909
K0ESP5	527	539	QQQQQQQQEQRQ	Q10571	540	552	QQQQQQQQQQRQ	57.0	91.66666666666667
K0ESW0	105	119	AGTALGAAAGAAAG	Q5BIV9	68	82	AGAAAGAAAGAAAG	55.0	85.71428571428571
K0ET41	208	218	PPAPPEPEPG	Q9NYQ7	2394	2404	PPAPPEPEPG	62.0	100.0
K0ET64	38	48	LPQLPSPSSP	P78559	2229	2239	LPQLPSPSSP	53.0	100.0
K0ETA4	106	117	GPVVLVGHSMG	Q8NCC3	189	200	GPVVLVAHSMG	52.0	90.9090909090909
K0F2B7	110	121	GPVVLVGHSMG	Q8NCC3	189	200	GPVVLVAHSMG	52.0	90.9090909090909
K0ETI2	28	40	PAPAPPQPGPDP	Q9Y566	1655	1667	PAPAAPQPGPDP	66.0	91.66666666666667
K0ETT5	231	241	LGTDPAQPLP	Q2YD98	90	100	LGTDPAQPLP	55.0	100.0
K0ETU6	195	207	QAAEKQPPALKA	Q9Y6H8	330	342	QAAERQPPALKA	56.0	91.66666666666667
K0ETW4	23	34	PGPAEAPPAPP	Q8N9F0	45	56	PGPAAAPPAPP	59.0	90.9090909090909
K0EUM2	380	392	PAPAPVPAAREP	Q53EQ6	24	36	PAPAPVPAARPP	59.0	91.66666666666667
K0EUM2	377	388	APPPAPAPVPA	Q8IWX8	358	369	APPPAPAPAPA	58.0	90.9090909090909
K0EUW9	393	404	VQPPSTAAQPP	Q8IVL0	308	319	VQPPSTAGQPP	55.0	90.9090909090909
K0EV01	144	158	AGGGASAGAAGGVV	P56270	252	266	AGGGAAAVAAGGVV	56.0	85.71428571428571
K0EV88	15	28	VIVVGAGLAGLVA	Q96RQ9	61	74	VIVVGAGVAGLVA	55.0	92.3076923076923
K0EVE1	86	99	EVADEIAAKLGLR	Q8TAT6	293	306	EVVDEIAAKLGLR	56.0	92.3076923076923
K0EVL5	150	161	GVFTTAPPPPG	Q12872	406	417	GVTTTAPPPPG	56.0	90.9090909090909
K0EW70	61	72	ALDSGTLSPLL	Q8NET4	119	130	ALDSGTLSPLL	52.0	100.0
K0EWU5	210	221	TSGTTGAPKLV	Q6NUN0	229	240	TSGTTGAPKMV	53.0	90.9090909090909
K0EX54	56	70	KAAEAERAAAAAAA	Q5TGJ6	174	188	RAAEAERAAAAAAA	57.0	92.85714285714286
K0EX65	157	168	PPAPPAAPPAA	A1L020	80	91	PPPPPAAPPAA	57.0	90.9090909090909
K0EX65	157	168	PPAPPAAPPAA	Q8IZL2	104	115	PPPPPAAPPAA	57.0	90.9090909090909
K0EX65	49	61	APAAPAPAAPAP	P04637	75	87	APAAPTPAAPAP	59.0	91.66666666666667
K0EX65	49	61	APAAPAPAAPAP	Q9Y566	1651	1663	APAAPAPAAPQP	58.0	91.66666666666667
K0EX65	50	61	PAAPAPAAPAP	Q6ZMQ8	1318	1329	PAAPAPAAPTP	55.0	90.9090909090909
K0EX65	50	61	PAAPAPAAPAP	Q9C0C9	3	14	PAAPTPAAPAP	55.0	90.9090909090909
K0EX65	56	70	AAPAPDAQAAPAPA	Q9UEW8	32	46	AAPAPAAPAAPAPA	57.0	85.71428571428571
K0EX88	41	52	SLHVGPSAQPP	Q9P2B2	143	154	SLHVGPSARPP	56.0	90.9090909090909
K0EXA9	47	60	SAPTPAAPAPAPS	P04637	77	90	AAPTPAAPAPAPS	65.0	92.3076923076923
K0EXP3	160	170	VHLVRDPRAV	Q9GZS9	219	229	VHLVRDPRAV	51.0	100.0
K0EXP3	160	170	VHLVRDPRAV	Q9GZX3	197	207	VHLVRDPRAV	51.0	100.0
K0EXP3	160	171	VHLVRDPRAVA	Q9Y4C5	327	338	IHLVRDPRAVA	54.0	90.9090909090909
K0EXS8	11	22	PPGVGKTTLAH	Q9BSD7	9	20	PPGVGKTTLIH	56.0	90.9090909090909
K0EXZ2	1059	1070	ERILGPDHPDT	Q96JP0	326	337	ERILGPSHPDT	57.0	90.9090909090909
K0EXZ2	1059	1070	ERILGPDHPDT	Q9BSK4	378	389	ERILGPSHPDT	57.0	90.9090909090909
K0EXZ2	282	295	VVGPAGSGKSTLL	Q9HC29	296	309	VVGEAGSGKSTLL	55.0	92.3076923076923
K0EYQ7	1518	1532	GGGSGDVGGSSGGS	P23490	190	204	GGGSGCGGGSSGGS	58.0	85.71428571428571
K0EZ82	136	147	FDTVIANPPFG	Q9NRN9	119	130	FDTVIMNPPFG	56.0	90.9090909090909
K0EZC8	354	366	SGGGGGGRPMPG	Q8N7J2	128	140	SGGGGGGRPNPG	63.0	91.66666666666667
K0EZL5	818	829	APTPAPAPTPA	Q4VCS5	1010	1021	APTPAPTPTPA	57.0	90.9090909090909
K0EZL5	818	829	APTPAPAPTPA	Q5H9F3	376	387	APTPVPAPTPA	57.0	90.9090909090909
K0EZL5	806	816	APAPAATPEP	Q92766	993	1003	APAPAATPEP	54.0	100.0
K0F017	60	71	ADLVGWQFDDD	Q9NPP4	999	1010	ARLVGWQFDDD	56.0	90.9090909090909
K0F021	337	348	IAAIYLSRGFF	Q8N587	0	11	MAAIYLSRGFF	51.0	90.9090909090909
K0F0F6	350	361	APRGPRSGDPG	Q86WR7	228	239	AARGPRSGDPG	55.0	90.9090909090909
K0F0H6	330	342	AALVMLGASYLL	Q8IY34	74	86	AALVFLGASYLL	49.0	91.66666666666667
K0F0Q0	331	342	PPPGPPAPADP	Q8NDT2	238	249	PPPGPPAPADP	69.0	100.0
K0F1J5	312	323	AGPPATAPAPP	Q96AY4	2447	2458	AGPPATAPARP	53.0	90.9090909090909
K0F1M6	130	144	GLVVLGVVVIGAVV	P01889	313	327	GLAVLAVVVIGAVV	52.0	85.71428571428571
K0F1M6	130	144	GLVVLGVVVIGAVV	P30511	310	324	GLVVLGAVVTGAVV	53.0	85.71428571428571
K0F218	404	416	PGAPAAAPAPAA	C9JI98	17	29	PSAPAAAPAPAA	56.0	91.66666666666667
K0F2D9	401	413	GGAGGRGGGAPR	B3EWF7	114	126	GGAGGRGGGAGR	58.0	91.66666666666667
K0F2D9	418	430	GGGPAGGGGAPR	P17542	60	72	GGGPAGGGGAAR	61.0	91.66666666666667
K0F2R9	118	129	YSLAWAGAPVL	Q9H1Y3	163	174	YSLAWAGAPLL	56.0	90.9090909090909
K0F318	135	146	AAADEALRLWR	Q12834	460	471	AAADETLRLWR	52.0	90.9090909090909
K0F372	100	111	GVRAGALRPRW	Q9HB15	103	114	GVRADALRPRW	54.0	90.9090909090909
K0F3L7	8	19	PAPPPAPQLPS	Q96B36	77	88	PAPPPAPQPPS	56.0	90.9090909090909
K0F3U0	93	104	GPPPLGPGAPP	Q16799	568	579	GPGPLGPGAPP	59.0	90.9090909090909
K0F4X9	79	90	PGATPGAGTAT	P17600	39	50	PGATPGPGTAT	54.0	90.9090909090909
K0F5C7	1109	1121	LGSSGCGKSTVV	P08183	1068	1080	VGSSGCGKSTVV	58.0	91.66666666666667
K0F5C7	1109	1124	LGSSGCGKSTVVGAL	P21439	1067	1082	VGSSGCGKSTVVQLL	59.0	80.0
K0F5J9	90	101	ARKRPRGRPRK	Q8NEZ4	31	42	ADKRPRGRPRK	52.0	90.9090909090909
K0F5Y7	263	277	AAAPASADAPAAAP	P0C7V6	501	515	AAAPAPAPAPAAAP	55.0	85.71428571428571
K0F685	157	168	GFRAGGGSGSG	P12035	552	563	GFSAGGGSGSG	53.0	90.9090909090909
K0F7N7	72	83	LRPLAGLLAGR	O15375	286	297	LRPLAGLMAGR	51.0	90.9090909090909
K0F8E2	185	196	GTPGAVVTRDG	Q96AX2	2	13	GTPGAVATRDG	54.0	90.9090909090909
K0F8T5	282	296	GSGDSGGGGCSGGG	O75962	2297	2311	GSGGSGGGGGSGGG	62.0	85.71428571428571
K0F8Z1	124	135	GGGGGGLMGAL	Q9H2A3	174	185	GGGGGGLPGAL	52.0	90.9090909090909
K0F949	474	488	STTAAPTSTSAAPT	P98088	3758	3772	STTSAPTSTSSAPT	61.0	85.71428571428571
K0F9B5	23	37	VLTGDAGVGKTTLA	Q86W25	231	245	VLVGRAGVGKTTLA	55.0	85.71428571428571
K0F9B5	23	37	VLTGDAGVGKTTLA	Q8WX94	174	188	VLHGPAGVGKTTLA	54.0	85.71428571428571
K0FAA2	43	55	GPAGVGKTELAK	Q8WX94	177	189	GPAGVGKTTLAK	55.0	91.66666666666667
K0FBD7	88	99	FRGARRLGALR	Q1L5Z9	80	91	FRGAARLGALR	48.0	90.9090909090909
K0FDB9	71	83	LLAPLTFISLVG	Q8IZF4	243	255	LLAPLTYISLVG	53.0	91.66666666666667
