pathogenProtein	pStart	pEnd	pathogenSequence	hostProtein	hStart	hEnd	hostSequence	alnScore	percID
A0A0D2D9Y4	754	766	SPSPSPSPSQSA	O00592	22	34	SPSPSPSPSQNA	58.0	91.66666666666667
A0A0D2DCQ0	973	984	TTTTTTTTTTT	Q12955	3966	3977	TTTTTTTTTTT	55.0	100.0
A0A0D2DCQ0	973	984	TTTTTTTTTTT	Q9BY67	340	352	TTTTTTTTTTTT	55.0	100.0
A0A0D2F5F6	290	302	TTTTTTTTTTTT	Q9BY67	340	352	TTTTTTTTTTTT	60.0	100.0
A0A0D2DDM6	67	79	QQQQQPPHHGPQ	P05412	201	213	QQQQQPPHHLPQ	63.0	91.66666666666667
A0A0D2DER9	141	155	RRSRSRSPARNGGR	Q9UQ35	632	646	RRSRSRSPARRSGR	59.0	85.71428571428571
A0A0D2DG84	776	787	QVPLPPPPPIP	O15156	182	193	QVPLPPPPPPP	59.0	90.9090909090909
A0A0D2DH14	66	80	LYLEEEEEEEEEEE	Q6ZW49	186	200	IYEEEEEEEEEEEE	61.0	85.71428571428571
A0A0D2DH14	66	80	LYLEEEEEEEEEEE	Q96JN2	12	26	LYEEEEEEEEEEEE	63.0	92.85714285714286
A0A0D2DH14	66	80	LYLEEEEEEEEEEE	Q96MF2	62	76	IYEEEEEEEEEEEE	61.0	85.71428571428571
A0A0D2DH14	68	83	LEEEEEEEEEEEEEE	O60840	807	825	MEEEEEEEEEEEEEEEEE	72.0	93.33333333333333
A0A0D2DH14	68	83	LEEEEEEEEEEEEEE	Q8TCU4	11	28	LEEEEEEEEEEEEEEEE	74.0	100.0
A0A0D2DH14	68	81	LEEEEEEEEEEEE	Q9Y4C8	712	725	MEEEEEEEEEEEE	62.0	92.3076923076923
A0A0D2DH14	69	83	EEEEEEEEEEEEEE	A0A1W2PR82	33	47	EEEEEEEEEEEEEE	70.0	100.0
A0A0D2G6N5	54	74	EQEEEEEEEEEEEEEEEEED	A0A1W2PR82	33	47	EEEEEEEEEEEEEE	70.0	100.0
A0A0D2GAU3	130	146	QEEEEEEEEEEEEEEE	A0A1W2PR82	33	47	EEEEEEEEEEEEEE	70.0	100.0
A0A0D2DH14	69	83	EEEEEEEEEEEEEE	O15347	180	199	EEEDEEEEEEEEEEEEEED	70.0	100.0
A0A0D2DH14	69	83	EEEEEEEEEEEEEE	P07199	405	419	EEEEEEEEEEEEEE	70.0	100.0
A0A0D2G6N5	54	74	EQEEEEEEEEEEEEEEEEED	P07199	405	419	EEEEEEEEEEEEEE	70.0	100.0
A0A0D2GAU3	130	146	QEEEEEEEEEEEEEEE	P07199	405	419	EEEEEEEEEEEEEE	70.0	100.0
A0A0D2DH14	69	83	EEEEEEEEEEEEEE	P0C7V8	125	147	EEEEEEEEEEEEEEEEEEEEEE	70.0	100.0
A0A0D2DH14	69	83	EEEEEEEEEEEEEE	P46060	376	397	EEEEEEDEEEEEEEEEEEEEE	70.0	100.0
A0A0D2G6N5	53	74	DEQEEEEEEEEEEEEEEEEED	P46060	376	397	EEEEEEDEEEEEEEEEEEEEE	93.0	80.95238095238095
A0A0D2GAU3	130	146	QEEEEEEEEEEEEEEE	P46060	376	397	EEEEEEDEEEEEEEEEEEEEE	74.0	87.5
A0A0D2DH14	69	83	EEEEEEEEEEEEEE	Q15911	472	488	EEEEEEEEEEEEEEED	70.0	100.0
A0A0D2DH14	69	83	EEEEEEEEEEEEEE	Q4KMQ1	606	621	EEEEEEEEEEEEEEE	70.0	100.0
A0A0D2DH14	69	83	EEEEEEEEEEEEEE	Q5TCY1	732	771	EEEEEEEEDEEEEEEDEEEEEEEEEEEEEEEEEEEEEEE	70.0	100.0
A0A0D2G6N5	53	75	DEQEEEEEEEEEEEEEEEEEDD	Q5TCY1	732	771	EEEEEEEEDEEEEEEDEEEEEEEEEEEEEEEEEEEEEEE	102.0	86.36363636363636
A0A0D2GAU3	130	146	QEEEEEEEEEEEEEEE	Q5TCY1	732	771	EEEEEEEEDEEEEEEDEEEEEEEEEEEEEEEEEEEEEEE	77.0	93.75
A0A0D2DH14	69	83	EEEEEEEEEEEEEE	Q8IZL8	886	909	DEEEEEEEEEEEEEEEEEEEEED	70.0	100.0
A0A0D2GAU3	130	146	QEEEEEEEEEEEEEEE	Q8IZL8	886	909	DEEEEEEEEEEEEEEEEEEEEED	77.0	93.75
A0A0D2DH14	69	83	EEEEEEEEEEEEEE	Q8WYB5	1069	1104	EEEEEEEDEEEEEEEEEEEEDEEEEEEEEEEEEEE	70.0	100.0
A0A0D2GAU3	130	146	QEEEEEEEEEEEEEEE	Q8WYB5	1069	1104	EEEEEEEDEEEEEEEEEEEEDEEEEEEEEEEEEEE	74.0	87.5
A0A0D2DH14	69	83	EEEEEEEEEEEEEE	Q96KQ7	299	325	EEEEEEEEEEEEEEEEEEEEEEEEDE	70.0	100.0
A0A0D2DH14	69	83	EEEEEEEEEEEEEE	Q9H7N4	267	288	EEEEEEEEEEEEEEEDEEEEE	70.0	100.0
A0A0D2G6N5	54	75	EQEEEEEEEEEEEEEEEEEDD	Q9H7N4	267	288	EEEEEEEEEEEEEEEDEEEEE	93.0	80.95238095238095
A0A0D2GAU3	130	146	QEEEEEEEEEEEEEEE	Q9H7N4	267	288	EEEEEEEEEEEEEEEDEEEEE	75.0	100.0
A0A0D2DH14	69	83	EEEEEEEEEEEEEE	Q9H7N4	1021	1040	EEEEEEEEEEEEEEEEEEQ	70.0	100.0
A0A0D2G6N5	54	75	EQEEEEEEEEEEEEEEEEEDD	Q9H7N4	1021	1040	EEEEEEEEEEEEEEEEEEQ	89.0	89.47368421052632
A0A0D2GAU3	130	146	QEEEEEEEEEEEEEEE	Q9H7N4	1021	1040	EEEEEEEEEEEEEEEEEEQ	77.0	93.75
A0A0D2DH14	69	83	EEEEEEEEEEEEEE	Q9UL54	377	392	EEEEEEEEEEEEEEE	70.0	100.0
A0A0D2G6N5	54	75	EQEEEEEEEEEEEEEEEEEDD	Q9UL54	377	392	EEEEEEEEEEEEEEE	75.0	100.0
A0A0D2GAU3	130	146	QEEEEEEEEEEEEEEE	Q9UL54	377	392	EEEEEEEEEEEEEEE	75.0	100.0
A0A0D2DH14	69	83	EEEEEEEEEEEEEE	Q9UL68	149	167	EDEEEEEEEEEEEEEEEE	70.0	100.0
A0A0D2GAU3	130	146	QEEEEEEEEEEEEEEE	Q9UL68	149	167	EDEEEEEEEEEEEEEEEE	77.0	93.75
A0A0D2DH14	69	83	EEEEEEEEEEEEEE	Q9Y5Q9	96	111	EEEEEEEEEEEEEEE	70.0	100.0
A0A0D2DH14	69	83	EEEEEEEEEEEEEE	O60721	859	889	EEEEEEEEEQEEEEEEEEQEEEEEEEEEEE	67.0	92.85714285714286
A0A0D2DH14	69	83	EEEEEEEEEEEEEE	O60841	531	545	EEEEEEEEEEEEDE	67.0	92.85714285714286
A0A0D2DH14	69	83	EEEEEEEEEEEEEE	O94827	709	723	EQEEEEEEEEEEEE	67.0	92.85714285714286
A0A0D2GAU3	129	145	QQEEEEEEEEEEEEEE	O94827	709	723	EQEEEEEEEEEEEE	67.0	92.85714285714286
A0A0D2DH14	69	83	EEEEEEEEEEEEEE	Q13029	267	281	EEEEEEEEEDEEEE	67.0	92.85714285714286
A0A0D2DH14	69	83	EEEEEEEEEEEEEE	Q6T4P5	440	458	EEEEEEEDEEEEEEEEEE	67.0	92.85714285714286
A0A0D2DH14	69	83	EEEEEEEEEEEEEE	Q8N129	215	229	EEEQEEEEEEEEEE	67.0	92.85714285714286
A0A0D2G6N5	56	72	EEEEEEEEEEEEEEEE	Q8N129	215	229	EEEQEEEEEEEEEE	67.0	92.85714285714286
A0A0D2GAU3	131	145	EEEEEEEEEEEEEE	Q8N129	215	229	EEEQEEEEEEEEEE	67.0	92.85714285714286
A0A0D2DH14	69	83	EEEEEEEEEEEEEE	Q96JP2	1001	1015	EEEEEEEEEEEQEE	67.0	92.85714285714286
A0A0D2DH14	69	82	EEEEEEEEEEEEE	C9JLR9	187	200	EEEEEEEEEEEEE	65.0	100.0
A0A0D2EZ33	856	869	EEEEEEEEEEEEE	C9JLR9	187	200	EEEEEEEEEEEEE	65.0	100.0
A0A0D2GAU3	133	146	EEEEEEEEEEEEE	C9JLR9	187	200	EEEEEEEEEEEEE	65.0	100.0
A0A0D2DH14	69	82	EEEEEEEEEEEEE	O95153	1261	1274	EEEEEEEEEEEEE	65.0	100.0
A0A0D2DH14	69	82	EEEEEEEEEEEEE	P14314	312	325	EEEEEEEEEEEEE	65.0	100.0
A0A0D2GAU3	133	146	EEEEEEEEEEEEE	P14314	312	325	EEEEEEEEEEEEE	65.0	100.0
A0A0D2DH14	69	82	EEEEEEEEEEEEE	P21127	303	316	EEEEEEEEEEEEE	65.0	100.0
A0A0D2EZ33	856	869	EEEEEEEEEEEEE	P21127	303	316	EEEEEEEEEEEEE	65.0	100.0
A0A0D2DH14	69	82	EEEEEEEEEEEEE	Q5TAQ9	99	112	EEEEEEEEEEEEE	65.0	100.0
A0A0D2DH14	69	82	EEEEEEEEEEEEE	Q9BUL5	247	261	EEEEEEEEEEEEEE	65.0	100.0
A0A0D2G6N5	54	74	EQEEEEEEEEEEEEEEEEED	Q9BUL5	247	261	EEEEEEEEEEEEEE	70.0	100.0
A0A0D2GAU3	130	146	QEEEEEEEEEEEEEEE	Q9BUL5	247	261	EEEEEEEEEEEEEE	70.0	100.0
A0A0D2DH14	69	82	EEEEEEEEEEEEE	Q9UER7	444	457	EEEEEEEEEEEEE	65.0	100.0
A0A0D2DH14	69	82	EEEEEEEEEEEEE	Q9UNS1	665	678	EEEEEEEEEEEEE	65.0	100.0
A0A0D2DH14	69	82	EEEEEEEEEEEEE	Q9UQ88	291	304	EEEEEEEEEEEEE	65.0	100.0
A0A0D2EZ33	856	869	EEEEEEEEEEEEE	Q9UQ88	291	304	EEEEEEEEEEEEE	65.0	100.0
A0A0D2DH14	68	82	LEEEEEEEEEEEEE	Q8IZL8	941	955	LEEEEEEEDEEEEE	66.0	92.85714285714286
A0A0D2DH14	68	82	LEEEEEEEEEEEEE	Q9HAW4	658	672	LEEEEEKEEEEEEE	65.0	92.85714285714286
A0A0D2DH14	69	86	EEEEEEEEEEEEEEHGD	Q8WYB5	1350	1370	EEEEEEEEEEEEEEEEEEGE	78.0	88.23529411764706
A0A0D2DH14	72	86	EEEEEEEEEEEHGD	Q8NCJ5	372	386	EEEEEEEEEEEDGE	62.0	85.71428571428571
A0A0D2GIH3	87	101	EEEEEEEEDEENGE	Q8NCJ5	372	386	EEEEEEEEEEEDGE	64.0	85.71428571428571
A0A0D2DH62	47	59	TTTTTATTTTTT	Q12955	3960	3972	TTTTTATTTTTT	59.0	100.0
A0A0D2DIH2	360	376	SGSRSPGRSRRRSRSR	Q13247	191	207	SGSRSRSRSRRRSRSR	63.0	87.5
A0A0D2DIH2	363	377	RSPGRSRRRSRSRS	Q8TF01	609	623	RSPSRERRRSRSRS	58.0	85.71428571428571
A0A0D2DIH2	417	429	RSRSRSRRRRES	P18583	1861	1873	RSRSRSRRRRRS	51.0	91.66666666666667
A0A0D2DIH2	757	768	PGAPPAPAQPY	P05111	307	318	PGAPPTPAQPY	61.0	90.9090909090909
A0A0D2DIR0	210	221	PPRRRGGGPRR	Q8WZA1	86	97	PPRRRGSGPRR	58.0	90.9090909090909
A0A0D2DIR0	64	75	ERGGRGGRGIG	Q7L0Q8	23	34	ERGGRGGRGPG	53.0	90.9090909090909
A0A0D2DJ62	345	357	PPPQDQQQQQQP	Q9P0K8	295	307	PPPQQQQQQQQP	63.0	91.66666666666667
A0A0D2DJ62	346	357	PPQDQQQQQQP	Q6PJG2	243	254	PPQKQQQQQQP	55.0	90.9090909090909
A0A0D2DKL4	263	274	DDEDDDDEEEN	Q969K3	227	238	DDEDDDDEEEN	62.0	100.0
A0A0D2DL88	277	289	DEEEDEEEEEDE	Q6ZN18	97	109	DEEEDDEEEEDE	60.0	91.66666666666667
A0A0D2DL88	277	289	DEEEDEEEEEDE	Q8N2W9	477	489	DEEEEEEEEEDE	59.0	91.66666666666667
A0A0D2DL88	277	289	DEEEDEEEEEDE	Q9H501	274	286	DEEEDEDEEEDE	60.0	91.66666666666667
A0A0D2DL88	277	289	DEEEDEEEEEDE	Q9HCE9	587	599	EEEEDEEEEEDE	59.0	91.66666666666667
A0A0D2DL88	277	289	DEEEDEEEEEDE	Q9UPN7	672	684	EEEEDEEEEEDE	59.0	91.66666666666667
A0A0D2DMY5	292	303	GSGSGRGGGGG	Q00577	24	35	GSGSGSGGGGG	55.0	90.9090909090909
A0A0D2DP93	32	47	DEDDIDDEEEEEEEE	P19338	254	269	DDDDEDDEEEEEEEE	69.0	86.66666666666667
A0A0D2DP93	33	47	EDDIDDEEEEEEEE	Q13387	89	103	EDDEDEEEEEEEEE	62.0	85.71428571428571
A0A0D2DP93	33	47	EDDIDDEEEEEEEE	Q9UIG0	1254	1268	EDDESDEEEEEEEE	60.0	85.71428571428571
A0A0D2DP93	34	48	DDIDDEEEEEEEEI	P04198	263	277	DDEDDEEEDEEEEI	62.0	85.71428571428571
A0A0D2DP93	35	49	DIDDEEEEEEEEIE	Q5JTC6	375	389	DDDDEEEEEEEEVE	63.0	85.71428571428571
A0A0D2DP93	35	49	DIDDEEEEEEEEIE	Q6PL24	239	253	DDEDEEEEEEEEIE	60.0	85.71428571428571
A0A0D2DQ51	82	93	RGRGRPRKSQQ	P52926	26	37	RGRGRPRKQQQ	54.0	90.9090909090909
A0A0D2DQY9	359	370	IPAAPSPKGAP	E9PAV3	929	940	IPASPSPKGAP	56.0	90.9090909090909
A0A0D2DS17	187	201	QIQAQQQQLQQQQL	Q9ULV3	21	35	QQQLQQQQLQQQQL	54.0	85.71428571428571
A0A0D2DS17	209	220	QQQQQQQQMSP	Q96S59	10	21	QQQQQQQQLSP	53.0	90.9090909090909
A0A0D2DTB1	389	400	GPQGQPGPSGR	Q14993	1111	1122	GPQGPPGPSGR	58.0	90.9090909090909
A0A0D2DTB1	454	465	GGSGPGPGAGP	Q15270	365	376	GGGGPGPGAGP	61.0	90.9090909090909
A0A0D2DU06	285	299	NLGEEEEEEEEEED	C9JE40	31	45	NEGEEEEEEEDEED	62.0	85.71428571428571
A0A0D2DU06	288	301	EEEEEEEEEEDQG	Q15911	477	490	EEEEEEEEEEDEG	64.0	92.3076923076923
A0A0D2DU06	288	301	EEEEEEEEEEDQG	Q6T4P5	449	462	EEEEEEEEEEDEG	64.0	92.3076923076923
A0A0D2DU06	287	301	GEEEEEEEEEEDQG	Q8NCJ5	371	385	GEEEEEEEEEEEDG	64.0	85.71428571428571
A0A0D2DY77	138	152	TTTTTTTTTSTIPT	Q9BY67	342	356	TTTTTTTTTTTILT	57.0	85.71428571428571
A0A0D2DZ39	59	70	SNAFGPPLPPP	Q9NTZ6	729	740	SNAFGPPIPPP	63.0	90.9090909090909
A0A0D2E056	89	103	SPPPAATPTGVPPT	Q9Y6I3	453	467	SPPPAATPTPTPPT	67.0	85.71428571428571
A0A0D2E0K4	258	269	PARGGGRGGRG	Q9NY12	166	177	PPRGGGRGGRG	57.0	90.9090909090909
A0A0D2E0K4	260	270	RGGGRGGRGG	P19338	665	675	RGGGRGGRGG	57.0	100.0
A0A0D2E0K4	260	270	RGGGRGGRGG	P35637	243	253	RGGGRGGRGG	57.0	100.0
A0A0D2E0K4	260	270	RGGGRGGRGG	Q8NCA5	456	466	RGGGRGGRGG	57.0	100.0
A0A0D2E0K4	260	272	RGGGRGGRGGAH	Q9HCE5	437	449	RGGFRGGRGGAH	60.0	91.66666666666667
A0A0D2E126	204	218	QFSQQLTPVRSPSP	P20393	267	281	QFPQQLTPPRSPSP	61.0	85.71428571428571
A0A0D2E424	157	178	TTSTTTTTSTTTTTTSTTTTT	Q12955	3960	3978	TTTTTATTTTTTTTTTTT	82.0	88.88888888888889
A0A0D2E424	166	179	TTTTTTSTTTTTT	Q9BY67	340	353	TTTTTTTTTTTTT	61.0	92.3076923076923
A0A0D2EMB3	29	42	STTTTTTTTTTTT	Q9BY67	340	353	TTTTTTTTTTTTT	61.0	92.3076923076923
A0A0D2HEA9	73	84	TTTTTTTTTTT	Q9BY67	340	353	TTTTTTTTTTTTT	55.0	100.0
A0A0D2HN81	271	284	STTTTTTTTTTTT	Q9BY67	340	353	TTTTTTTTTTTTT	61.0	92.3076923076923
A0A0D2E529	152	166	GSGSRGGSGGDYLG	P35527	508	522	GSGSRGGSGGSYGG	62.0	85.71428571428571
A0A0D2E529	151	162	YGSGSRGGSGG	P35527	484	495	YGRGSRGGSGG	55.0	90.9090909090909
A0A0D2E631	188	199	TTTPSPPPTTT	Q02817	1402	1413	TTTPSPPPTTT	62.0	100.0
A0A0D2E6A5	169	180	PPLAAAPRPPS	Q6ZRS2	1324	1335	PPLAPAPRPPS	55.0	90.9090909090909
A0A0D2E6P5	282	293	DDEDEDDQDED	Q5H9L4	333	344	DDEDEDDEDED	59.0	90.9090909090909
A0A0D2E6P5	286	298	EDDQDEDEDEDG	O60942	194	206	EDDEDEDEDEDG	64.0	91.66666666666667
A0A0D2E6P5	286	297	EDDQDEDEDED	P19338	157	168	EDDEDEDEDED	58.0	90.9090909090909
A0A0D2E6Y2	519	530	TSSSPVPPSPA	O75175	264	275	TSSSPIPPSPA	56.0	90.9090909090909
A0A0D2E6Y2	521	532	SSPVPPSPAPA	Q96EZ8	101	112	STPVPPSPAPA	56.0	90.9090909090909
A0A0D2E7N6	338	349	RPRGRPGRPRK	Q9H4Z2	345	356	RPRRRPGRPRK	55.0	90.9090909090909
A0A0D2E7N8	572	586	ADAGAGAGAGASAG	Q8NG27	420	434	ASASAGAGAGASAG	56.0	85.71428571428571
A0A0D2E7N8	575	587	GAGAGAGASAGG	P41594	961	973	GAGAGAGGSAGG	56.0	91.66666666666667
A0A0D2E7N8	574	588	AGAGAGAGASAGGS	O75444	139	153	AAAGAGAGASLGGS	57.0	85.71428571428571
A0A0D2E7S7	1221	1233	EEEEEEEDNDDD	A1YPR0	155	167	EEEEEEEDDDDD	60.0	91.66666666666667
A0A0D2E7S7	1221	1233	EEEEEEEDNDDD	Q4LE39	546	558	EEEEEEEDEDDD	59.0	91.66666666666667
A0A0D2EPT8	521	533	EEEEEEEDDDDD	Q4LE39	546	558	EEEEEEEDEDDD	61.0	91.66666666666667
A0A0D2E7S7	1221	1233	EEEEEEEDNDDD	Q8IX15	530	542	EEEEEEEDDDDD	60.0	91.66666666666667
A0A0D2E7S7	1221	1233	EEEEEEEDNDDD	Q8WYN3	376	388	EEEEEEEDDDDD	60.0	91.66666666666667
A0A0D2E7S7	1221	1233	EEEEEEEDNDDD	Q9C0D0	394	406	EEEEEEEDEDDD	59.0	91.66666666666667
A0A0D2E871	220	237	DGDDDDEDDEEEEEEME	P19338	252	269	DEDDDDEDDEEEEEEEE	78.0	88.23529411764706
A0A0D2E871	223	237	DDDEDDEEEEEEME	A1YPR0	147	161	DDDEEDEEEEEEEE	64.0	85.71428571428571
A0A0D2E871	223	237	DDDEDDEEEEEEME	Q5VXU3	41	55	DDDEEDEEEEEEEE	64.0	85.71428571428571
A0A0D2E871	223	235	DDDEDDEEEEEE	O95983	268	280	DDDEEDEEEEEE	61.0	91.66666666666667
A0A0D2E871	239	253	DEEEWEEEYEDEDE	Q8N2W9	477	491	DEEEEEEEEEDEDE	58.0	85.71428571428571
A0A0D2E871	245	259	EEYEDEDEEEEEDE	Q06481	215	229	EEEEDEEEEEEEDE	62.0	85.71428571428571
A0A0D2E871	245	258	EEYEDEDEEEEED	Q93073	988	1001	EEEEDEDEEEEED	61.0	92.3076923076923
A0A0D2E871	246	260	EYEDEDEEEEEDEG	Q9Y3S2	273	287	EYEAEDDEEEEDEG	65.0	85.71428571428571
A0A0D2E871	247	261	YEDEDEEEEEDEGD	Q96NB3	158	172	YEDEEEEEEEEEGD	69.0	85.71428571428571
A0A0D2EIM4	119	131	CLASPRSLPDPT	Q6ZVC0	529	541	CLASPHSLPDPT	61.0	91.66666666666667
A0A0D2EK01	467	477	SGYGYGYGYG	Q16625	115	125	SGYGYGYGYG	62.0	100.0
A0A0D2EK88	567	579	SDEDEDEDDEED	O00401	484	496	SDEDEDEDDEED	65.0	100.0
A0A0D2EK88	567	579	SDEDEDEDDEED	Q7Z3E5	581	593	SDDDEDEDDEED	62.0	91.66666666666667
A0A0D2EK88	568	579	DEDEDEDDEED	Q7Z6M4	339	350	DEDEDDDDEED	58.0	90.9090909090909
A0A0D2EMB3	28	41	SSTTTTTTTTTTT	Q9HCJ0	753	766	SSTTTNTTTTTTT	58.0	92.3076923076923
A0A0D2EMB3	28	42	SSTTTTTTTTTTTT	Q12955	3964	3978	TATTTTTTTTTTTT	62.0	85.71428571428571
A0A0D2EMX9	135	146	PAPAPAAPPAQ	Q92945	593	604	PAPAPAAPPAQ	60.0	100.0
A0A0D2ENE0	549	560	GAGGGGEGGGG	O00570	26	37	GAGGGGGGGGG	56.0	90.9090909090909
A0A0D2ENE0	549	560	GAGGGGEGGGG	P04632	34	45	GAGGGGGGGGG	56.0	90.9090909090909
A0A0D2ENE0	549	560	GAGGGGEGGGG	P17542	262	273	GAGGGGGGGGG	56.0	90.9090909090909
A0A0D2ENE0	549	560	GAGGGGEGGGG	P20264	27	38	GAGGGGGGGGG	56.0	90.9090909090909
A0A0D2ENE0	549	560	GAGGGGEGGGG	P28356	128	139	GAGGGGGGGGG	56.0	90.9090909090909
A0A0D2ENE0	549	560	GAGGGGEGGGG	Q5VUJ6	33	44	GAGGGGGGGGG	56.0	90.9090909090909
A0A0D2ENE0	549	560	GAGGGGEGGGG	Q8NFD5	304	315	GAGGGGGGGGG	56.0	90.9090909090909
A0A0D2ENE0	549	560	GAGGGGEGGGG	Q9ULM3	801	812	GAGGGGGGGGG	56.0	90.9090909090909
A0A0D2ENE0	549	561	GAGGGGEGGGGS	Q01167	18	30	GAGGGGAGGGGS	61.0	91.66666666666667
A0A0D2EPT8	515	529	DEEVEGEEEEEEED	C9JE40	28	42	EEENEGEEEEEEED	61.0	85.71428571428571
A0A0D2EPT8	515	529	DEEVEGEEEEEEED	Q12899	386	400	DEEEEGEEEEEEEE	62.0	85.71428571428571
A0A0D2EPT8	516	530	EEVEGEEEEEEEDD	Q86SE8	131	145	EEEEGEEEEEEEED	62.0	85.71428571428571
A0A0D2EPT8	521	534	EEEEEEEDDDDDT	A1YPR0	154	168	EEEEEEEEDDDDDT	70.0	100.0
A0A0D2EPT8	521	533	EEEEEEEDDDDD	O75054	1013	1025	EEEEEEDDDDDD	62.0	91.66666666666667
A0A0D2EPT8	521	533	EEEEEEEDDDDD	Q0VAK6	144	156	EEDEEEEDDDDD	62.0	91.66666666666667
A0A0D2EPT8	521	533	EEEEEEEDDDDD	Q13029	275	287	EDEEEEEDDDDD	62.0	91.66666666666667
A0A0D2EPT8	521	533	EEEEEEEDDDDD	Q8IX15	529	543	EEEEEEEEDDDDDD	65.0	100.0
A0A0D2EPT8	521	533	EEEEEEEDDDDD	Q8WYN3	375	388	EEEEEEEEDDDDD	65.0	100.0
A0A0D2EPT8	521	533	EEEEEEEDDDDD	Q96C00	211	223	EEEEEEEEDDDD	61.0	91.66666666666667
A0A0D2EPT8	522	534	EEEEEEDDDDDT	Q14839	133	145	EEEEEEDDDDDS	61.0	91.66666666666667
A0A0D2EPX7	157	169	GGINQSGPPPPP	Q15532	87	99	GGMNQSGPPPPP	69.0	91.66666666666667
A0A0D2ER08	399	409	AGPGAGPGAD	Q8NI99	117	127	AGPGAGPGAD	56.0	100.0
A0A0D2ERC9	114	124	PPPAPAAPAS	Q9C009	238	248	PPPAPAAPAS	55.0	100.0
A0A0D2ERC9	179	189	PPPAPAPAPE	Q9Y2V3	84	94	PPPAPAPAPE	59.0	100.0
A0A0D2EUC9	414	429	EVEEEEEEEDEGEDS	O94827	712	727	EEEEEEEEEEEGEDS	66.0	86.66666666666667
A0A0D2EUC9	414	428	EVEEEEEEEDEGED	Q5VYM1	96	110	EVEEEGEEEEEGED	61.0	85.71428571428571
A0A0D2EUC9	414	428	EVEEEEEEEDEGED	Q8N108	83	97	EDEEEEEEEEEGED	61.0	85.71428571428571
A0A0D2EUC9	416	430	EEEEEEEDEGEDSD	Q9BTT0	187	201	EEEEEEEDEDEDED	62.0	85.71428571428571
A0A0D2EXA1	280	291	PPGVPPPPKTP	Q96EP5	305	316	PPGVPPPPATP	63.0	90.9090909090909
A0A0D2EXL4	1	12	TRSPPPRGPPP	Q8WYP3	303	314	TRSPPPRPPPP	59.0	90.9090909090909
A0A0D2EXM9	111	122	GGGNDGGGGPG	Q13207	516	527	GGGNGGGGGPG	60.0	90.9090909090909
A0A0D2EXM9	209	220	GGRGRGSGRGR	Q9Y3Y2	192	203	GGRGRGRGRGR	55.0	90.9090909090909
A0A0D2EYC0	207	223	STSPSRSRSRSRSRSA	Q9UKV3	632	648	STSESRSRSRSRSRSA	65.0	93.75
A0A0D2EYC0	209	222	SPSRSRSRSRSRS	Q8N2M8	516	529	SPSQSRSRSRSRS	56.0	92.3076923076923
A0A0D2EYC0	209	222	SPSRSRSRSRSRS	Q08170	481	494	SPSRSRSRSHSRS	55.0	92.3076923076923
A0A0D2EZ33	856	870	EEEEEEEEEEEEEV	Q9UNS1	665	679	EEEEEEEEEEEEEL	66.0	92.85714285714286
A0A0D2GAU3	133	147	EEEEEEEEEEEEEV	Q9UNS1	665	679	EEEEEEEEEEEEEL	66.0	92.85714285714286
A0A0D2EZ33	857	870	EEEEEEEEEEEEV	Q6ZW49	188	201	EEEEEEEEEEEEV	64.0	100.0
A0A0D2GAU3	134	147	EEEEEEEEEEEEV	Q6ZW49	188	201	EEEEEEEEEEEEV	64.0	100.0
A0A0D2EZ33	857	870	EEEEEEEEEEEEV	Q96JN2	14	27	EEEEEEEEEEEEV	64.0	100.0
A0A0D2GAU3	134	147	EEEEEEEEEEEEV	Q96JN2	14	27	EEEEEEEEEEEEV	64.0	100.0
A0A0D2EZ82	255	266	PFSPSPTASPL	Q9HA65	599	610	PHSPSPTASPL	52.0	90.9090909090909
A0A0D2EZJ5	415	426	NKSTEEPTQPG	Q9H0B6	586	597	NKSVEEPTQPG	55.0	90.9090909090909
A0A0D2F1T9	11	22	RSRSRSRSPHH	Q8N2M8	661	672	RSRSRSRSPHY	53.0	90.9090909090909
A0A0D2F1T9	8	19	HRHRSRSRSRS	Q9Y383	300	311	HRHRSRSSSRS	51.0	90.9090909090909
A0A0D2F386	299	310	AGGGFGGGGGT	Q5VUJ6	34	45	AGGGGGGGGGT	54.0	90.9090909090909
A0A0D2F386	300	311	GGGFGGGGGTS	O75179	101	112	GGGGGGGGGTS	54.0	90.9090909090909
A0A0D2F3I3	976	987	TPGFSRPGPGP	Q9Y2J0	295	306	TPGGSRPGPGP	57.0	90.9090909090909
A0A0D2F4P5	100	114	SRLPSPTSPGSSLS	Q8WWI1	983	997	TRLPSPTSPFSSLS	57.0	85.71428571428571
A0A0D2F5F6	287	299	SSGTTTTTTTTT	Q9UK58	25	37	SSGTTTTTTTTT	59.0	100.0
A0A0D2F5F6	290	302	TTTTTTTTTTTT	Q12955	3966	3978	TTTTTTTTTTTT	60.0	100.0
A0A0D2HEA9	73	84	TTTTTTTTTTT	Q12955	3966	3978	TTTTTTTTTTTT	55.0	100.0
A0A0D2F6B7	400	414	DDEEEDEEEEQEPV	P19338	259	273	DDEEEEEEEEEEPV	67.0	85.71428571428571
A0A0D2F721	7	18	TTPTPGPSPPA	Q86TM6	564	575	TTPTPGASPPA	56.0	90.9090909090909
A0A0D2F7B3	979	990	AIPEPEPEPEP	P14317	361	372	AEPEPEPEPEP	56.0	90.9090909090909
A0A0D2F7B3	979	990	AIPEPEPEPEP	Q9NP92	122	133	AEPEPEPEPEP	56.0	90.9090909090909
A0A0D2F8A1	86	98	QQQQQHGSPTSS	Q6P1L5	45	57	QQQQQHGSPTRS	58.0	91.66666666666667
A0A0D2F967	445	457	EEEDEGEEEDED	P20962	56	68	EEEDEGEEEDEE	60.0	91.66666666666667
A0A0D2F967	445	459	EEEDEGEEEDEDDD	Q13029	273	287	EEEDEEEEEDDDDD	65.0	85.71428571428571
A0A0D2F967	445	459	EEEDEGEEEDEDDD	Q4LE39	544	558	EEEEEEEEEDEDDD	64.0	85.71428571428571
A0A0D2F967	445	459	EEEDEGEEEDEDDD	Q9H501	275	289	EEEDEDEEEDEDED	65.0	85.71428571428571
A0A0D2F967	445	459	EEEDEGEEEDEDDD	Q9UL68	129	143	EEEEEIEEEDEDDD	62.0	85.71428571428571
A0A0D2FAC7	306	317	GAGDRDRDRDR	Q92841	83	94	GFGDRDRDRDR	54.0	90.9090909090909
A0A0D2FAC7	483	496	EDEGEEEEEEDED	P26583	187	200	EDEEEEEEEEDED	61.0	92.3076923076923
A0A0D2FAC7	485	499	EGEEEEEEDEDGEE	Q8NCJ5	373	387	EEEEEEEEEEDGEE	62.0	85.71428571428571
A0A0D2FAI7	113	124	SPASPSPPPSP	Q6ZVX7	27	38	SPRSPSPPPSP	57.0	90.9090909090909
A0A0D2FBR2	89	101	RTPPPRRRSPRR	P84103	106	118	RSPPPRRRSPRR	63.0	91.66666666666667
A0A0D2FD71	32	43	GGGGGGTGGSA	P49840	29	40	GGGGGGPGGSA	55.0	90.9090909090909
A0A0D2FE67	123	133	PQQPQQQQQQ	O95104	955	965	PQQPQQQQQQ	54.0	100.0
A0A0D2G036	421	435	ASPDEDDEEEEEEE	Q5JTC6	372	386	ALPDDDDEEEEEEE	64.0	85.71428571428571
A0A0D2G036	424	438	DEDDEEEEEEETKE	P19338	257	271	DEDDEEEEEEEEEE	63.0	85.71428571428571
A0A0D2G2F9	304	318	SGPGSGSGSGRLGR	Q9NUE0	50	64	SGSGSGSGSGSLGR	59.0	85.71428571428571
A0A0D2G5T1	325	339	APPSSSSSPSPSPS	Q9H7N4	188	202	APSSASSSPSPSPS	60.0	85.71428571428571
A0A0D2G5V3	496	508	DRDRYRERSRSR	Q7L014	43	55	DRDRRRERSRSR	53.0	91.66666666666667
A0A0D2G695	291	301	PRPGPNPSPN	Q8TC94	17	27	PRPGPNPSPN	62.0	100.0
A0A0D2G6C7	534	544	MPAPPAGTAP	Q8TD84	1975	1985	MPAPPAGTAP	56.0	100.0
A0A0D2G6M4	626	636	GVRGGGRGRG	P83369	65	75	GVRGGGRGRG	55.0	100.0
A0A0D2G6N5	50	72	EETDEQEEEEEEEEEEEEEEEE	Q9UER7	440	457	EESDEEEEEEEEEEEEE	79.0	88.23529411764706
A0A0D2G6N5	51	74	ETDEQEEEEEEEEEEEEEEEEED	Q9UIG0	1257	1274	ESDEEEEEEEEEEEEED	78.0	88.23529411764706
A0A0D2G6N5	52	66	TDEQEEEEEEEEEE	P14314	311	325	TEEEEEEEEEEEEE	64.0	85.71428571428571
A0A0D2G6N5	56	73	EEEEEEEEEEEEEEEEE	Q8IZL8	942	956	EEEEEEEDEEEEEE	67.0	92.85714285714286
A0A0D2GAU3	131	146	EEEEEEEEEEEEEEE	Q8IZL8	942	956	EEEEEEEDEEEEEE	67.0	92.85714285714286
A0A0D2G6N5	52	75	TDEQEEEEEEEEEEEEEEEEEDD	Q8IZL8	885	909	SDEEEEEEEEEEEEEEEEEEEEED	103.0	82.6086956521739
A0A0D2G6N5	53	75	DEQEEEEEEEEEEEEEEEEEDD	O15347	180	200	EEEDEEEEEEEEEEEEEEDE	92.0	85.0
A0A0D2GAU3	130	146	QEEEEEEEEEEEEEEE	O15347	180	200	EEEDEEEEEEEEEEEEEEDE	74.0	87.5
A0A0D2G6N5	53	75	DEQEEEEEEEEEEEEEEEEEDD	O15371	529	547	DEDEEEEEEEEEEEEEEE	86.0	94.44444444444444
A0A0D2G6N5	53	75	DEQEEEEEEEEEEEEEEEEEDD	Q4KMQ1	603	621	DQQEEEEEEEEEEEEEEE	88.0	94.44444444444444
A0A0D2G6N5	53	75	DEQEEEEEEEEEEEEEEEEEDD	Q6T4P5	440	461	EEEEEEEDEEEEEEEEEEEDE	97.0	85.71428571428571
A0A0D2G6N5	53	75	DEQEEEEEEEEEEEEEEEEEDD	Q8WYB5	1069	1105	EEEEEEEDEEEEEEEEEEEEDEEEEEEEEEEEEEEN	99.0	81.81818181818181
A0A0D2G6N5	53	75	DEQEEEEEEEEEEEEEEEEEDD	Q9UL68	149	170	EDEEEEEEEEEEEEEEEENED	93.0	85.71428571428571
A0A0D2G6N5	53	75	DEQEEEEEEEEEEEEEEEEEDD	Q9Y5Q9	94	111	DDEEEEEEEEEEEEEEE	80.0	88.23529411764706
A0A0D2G6N5	54	75	EQEEEEEEEEEEEEEEEEEDD	Q8WYB5	1350	1368	EEEEEEEEEEEEEEEEEE	87.0	94.44444444444444
A0A0D2GAU3	130	146	QEEEEEEEEEEEEEEE	Q8WYB5	1350	1368	EEEEEEEEEEEEEEEEEE	77.0	93.75
A0A0D2G6N5	54	75	EQEEEEEEEEEEEEEEEEEDD	O60840	808	825	EEEEEEEEEEEEEEEEE	85.0	100.0
A0A0D2G6N5	54	75	EQEEEEEEEEEEEEEEEEEDD	P0C7V8	125	148	EEEEEEEEEEEEEEEEEEEEEEQ	96.0	85.71428571428571
A0A0D2GAU3	130	146	QEEEEEEEEEEEEEEE	P0C7V8	125	148	EEEEEEEEEEEEEEEEEEEEEEQ	77.0	93.75
A0A0D2G6N5	54	75	EQEEEEEEEEEEEEEEEEEDD	Q15911	472	489	EEEEEEEEEEEEEEEDE	83.0	94.11764705882354
A0A0D2GAU3	130	146	QEEEEEEEEEEEEEEE	Q15911	472	489	EEEEEEEEEEEEEEEDE	75.0	100.0
A0A0D2G6N5	54	75	EQEEEEEEEEEEEEEEEEEDD	Q8TCU4	12	28	EEEEEEEEEEEEEEEE	80.0	100.0
A0A0D2GAU3	130	146	QEEEEEEEEEEEEEEE	Q8TCU4	12	28	EEEEEEEEEEEEEEEE	77.0	93.75
A0A0D2G6N5	54	75	EQEEEEEEEEEEEEEEEEEDD	Q96KQ7	299	326	EEEEEEEEEEEEEEEEEEEEEEEEDEE	100.0	90.47619047619048
A0A0D2GAU3	130	146	QEEEEEEEEEEEEEEE	Q96KQ7	299	326	EEEEEEEEEEEEEEEEEEEEEEEEDEE	77.0	93.75
A0A0D2G6N5	54	68	EQEEEEEEEEEEEE	Q7Z5L7	597	611	EKEEEEEEEEEEEE	66.0	92.85714285714286
A0A0D2G6N5	55	72	QEEEEEEEEEEEEEEEE	O95153	1260	1274	QEEEEEEEEEEEEE	70.0	100.0
A0A0D2GIH3	84	98	QEEEEEEEEEEDEE	O95153	1260	1274	QEEEEEEEEEEEEE	67.0	92.85714285714286
A0A0D2G6N5	55	72	QEEEEEEEEEEEEEEEE	Q96JP2	1000	1015	QEEEEEEEEEEEQEE	72.0	93.33333333333333
A0A0D2GAU3	130	145	QEEEEEEEEEEEEEE	Q96JP2	1000	1015	QEEEEEEEEEEEQEE	72.0	93.33333333333333
A0A0D2G6N5	55	69	QEEEEEEEEEEEEE	Q96MT7	722	736	QEEEEEKEEEEEEE	66.0	92.85714285714286
A0A0D2GAU3	130	144	QEEEEEEEEEEEEE	Q96MT7	722	736	QEEEEEKEEEEEEE	66.0	92.85714285714286
A0A0D2G6N5	56	74	EEEEEEEEEEEEEEEEED	O60841	531	546	EEEEEEEEEEEEDEE	72.0	93.33333333333333
A0A0D2GAU3	131	146	EEEEEEEEEEEEEEE	O60841	531	546	EEEEEEEEEEEEDEE	72.0	93.33333333333333
A0A0D2G6N5	56	75	EEEEEEEEEEEEEEEEEDD	Q13029	267	285	EEEEEEEEEDEEEEEDDD	86.0	88.88888888888889
A0A0D2G6N5	56	72	EEEEEEEEEEEEEEEE	Q5TAQ9	99	113	EEEEEEEEEEEEEQ	67.0	92.85714285714286
A0A0D2GAU3	131	146	EEEEEEEEEEEEEEE	Q5TAQ9	99	113	EEEEEEEEEEEEEQ	67.0	92.85714285714286
A0A0D2G6N5	60	74	EEEEEEEEEEEEED	O94985	924	938	EEEEEEEEEEESED	66.0	92.85714285714286
A0A0D2G6N5	60	75	EEEEEEEEEEEEEDD	Q06481	214	228	EEEEEDEEEEEEED	68.0	92.85714285714286
A0A0D2G6N5	60	75	EEEEEEEEEEEEEDD	Q4LE39	542	558	EEEEEEEEEEEDEDDD	74.0	93.33333333333333
A0A0D2G6N5	60	75	EEEEEEEEEEEEEDD	Q9UKV3	269	283	EEEEEEEEEEEEDD	72.0	100.0
A0A0D2G6N5	61	74	EEEEEEEEEEEED	Q8N0Z9	462	475	EEEEEEEEEEEED	66.0	100.0
A0A0D2G6N5	61	75	EEEEEEEEEEEEDD	A1YPR0	151	165	EDEEEEEEEEEDDD	66.0	85.71428571428571
A0A0D2G6N5	61	75	EEEEEEEEEEEEDD	A6NFI3	134	148	EEEEEEEEDEDEDD	66.0	85.71428571428571
A0A0D2G6N5	61	75	EEEEEEEEEEEEDD	O75054	1007	1021	EQEEEREEEEEEDD	64.0	85.71428571428571
A0A0D2G6N5	61	75	EEEEEEEEEEEEDD	Q86SE8	132	146	EEEGEEEEEEEEDD	65.0	92.85714285714286
A0A0D2G6N5	61	75	EEEEEEEEEEEEDD	Q8IX15	525	539	EDDEEEEEEEEEDD	66.0	85.71428571428571
A0A0D2G6N5	61	75	EEEEEEEEEEEEDD	Q9BTT0	184	198	EEEEEEEEEEDEDE	65.0	85.71428571428571
A0A0D2G6N5	61	75	EEEEEEEEEEEEDD	Q9H4L4	75	89	EEEEEEEEEEDEDE	65.0	85.71428571428571
A0A0D2G6N5	61	75	EEEEEEEEEEEEDD	Q9NQC3	31	45	EDEEEEEEEEEEDE	65.0	85.71428571428571
A0A0D2G6N5	62	75	EEEEEEEEEEEDD	Q14318	35	48	EEEEEEEEEEEDD	67.0	100.0
A0A0D2G6N5	62	75	EEEEEEEEEEEDD	Q7Z4S6	610	623	EDEEEEEEEEEDD	64.0	92.3076923076923
A0A0D2G6N5	62	75	EEEEEEEEEEEDD	Q9Y2K7	855	868	EEEEEEEEEEEDD	67.0	100.0
A0A0D2G6N8	257	271	QQQQQQMSQQQQAQ	Q15911	1729	1743	QQQQQQQQQQQQAQ	59.0	85.71428571428571
A0A0D2G6N8	265	277	QQQQAQPQQQPP	P51531	232	244	QQQQQQPQQQPP	60.0	91.66666666666667
A0A0D2G7E2	1319	1330	EKGGGRGGRGG	Q8NCA5	354	365	EQGGGRGGRGG	58.0	90.9090909090909
A0A0D2G7V0	119	130	DDDEDYDDDDN	O14958	373	384	DDDEDDDDDDN	56.0	90.9090909090909
A0A0D2G851	693	707	SGTGPVSGGPGGTG	Q8WXF1	492	506	SGVGPVSGGPGGFG	66.0	85.71428571428571
A0A0D2G8V5	529	543	EEPVEEEPATEEPT	Q5JQC4	225	239	EEPDAEEPATEEPT	61.0	85.71428571428571
A0A0D2G8V5	693	707	KAPEEAPEEAPEEA	Q9H9Z2	14	28	KAAEEAPEEAPEDA	61.0	85.71428571428571
A0A0D2G9H5	117	128	HGGGHGGSDGG	P13645	486	497	HGGGHGGSSGG	62.0	90.9090909090909
A0A0D2G9W8	119	130	KSSGGGGGGGG	P23490	17	28	KTSGGGGGGGG	58.0	90.9090909090909
A0A0D2G9W8	119	130	KSSGGGGGGGG	Q9Y4W6	105	116	RSSGGGGGGGG	58.0	90.9090909090909
A0A0D2G9W8	120	130	SSGGGGGGGG	P35637	163	173	SSGGGGGGGG	56.0	100.0
A0A0D2G9W8	120	130	SSGGGGGGGG	Q12791	10	20	SSGGGGGGGG	56.0	100.0
A0A0D2G9W8	120	130	SSGGGGGGGG	Q6UB35	31	41	SSGGGGGGGG	56.0	100.0
A0A0D2GAU3	128	147	VQQEEEEEEEEEEEEEEEV	O95153	1259	1275	IQEEEEEEEEEEEEEL	67.0	81.25
A0A0D2GAU3	129	146	QQEEEEEEEEEEEEEEE	Q4KMQ1	604	621	QQEEEEEEEEEEEEEEE	85.0	100.0
A0A0D2GAU3	130	146	QEEEEEEEEEEEEEEE	Q9Y5Q9	95	111	DEEEEEEEEEEEEEEE	75.0	93.75
A0A0D2GAU3	130	148	QEEEEEEEEEEEEEEEVG	O60840	808	826	EEEEEEEEEEEEEEEEEG	81.0	88.88888888888889
A0A0D2GAU3	131	146	EEEEEEEEEEEEEEE	Q13029	267	282	EEEEEEEEEDEEEEE	72.0	93.33333333333333
A0A0D2GAU3	131	146	EEEEEEEEEEEEEEE	Q6T4P5	440	459	EEEEEEEDEEEEEEEEEEE	72.0	93.33333333333333
A0A0D2GAU3	131	146	EEEEEEEEEEEEEEE	Q9UER7	443	457	DEEEEEEEEEEEEE	67.0	92.85714285714286
A0A0D2GAU3	131	146	EEEEEEEEEEEEEEE	Q9UIG0	1259	1274	DEEEEEEEEEEEEED	69.0	86.66666666666667
A0A0D2GAU3	133	148	EEEEEEEEEEEEEVG	P21127	303	317	EEEEEEEEEEEEEG	64.0	92.85714285714286
A0A0D2GIH3	86	100	EEEEEEEEEDEENG	P21127	303	317	EEEEEEEEEEEEEG	63.0	85.71428571428571
A0A0D2GAU3	133	148	EEEEEEEEEEEEEVG	P21127	323	338	EEEEEEEEEEEEETG	71.0	93.33333333333333
A0A0D2GAU3	133	148	EEEEEEEEEEEEEVG	Q9UQ88	291	305	EEEEEEEEEEEEEG	64.0	92.85714285714286
A0A0D2GIH3	86	100	EEEEEEEEEDEENG	Q9UQ88	291	305	EEEEEEEEEEEEEG	63.0	85.71428571428571
A0A0D2GAU3	133	148	EEEEEEEEEEEEEVG	Q9UQ88	311	326	EEEEEEEEEEEEETG	71.0	93.33333333333333
A0A0D2GAU3	136	151	EEEEEEEEEEVGGGG	Q9UFB7	283	299	EEEEEEEEEEEGGGSG	66.0	86.66666666666667
A0A0D2GAU3	138	152	EEEEEEEEVGGGGG	Q15223	436	449	EEEEEEEEGGGGG	63.0	92.3076923076923
A0A0D2GAU3	137	151	EEEEEEEEEVGGGG	Q1XH10	418	432	EEEEEEEEEEGGSG	61.0	85.71428571428571
A0A0D2GAU3	143	155	EEEVGGGGGSAG	Q9NUD5	62	74	EEESGGGGGSAG	57.0	91.66666666666667
A0A0D2GAU3	147	162	GGGGGSAGGGSAGGG	P31277	77	92	GGGGGSAGGGSSGGG	79.0	93.33333333333333
A0A0D2GAU3	147	158	GGGGGSAGGGS	P35716	143	154	GGGGGSAGGGA	57.0	90.9090909090909
A0A0D2GAU3	147	158	GGGGGSAGGGS	O75175	397	408	GGGGGSGGGGS	56.0	90.9090909090909
A0A0D2GAU3	147	158	GGGGGSAGGGS	O95409	503	514	GGGGGSSGGGS	57.0	90.9090909090909
A0A0D2GAU3	147	158	GGGGGSAGGGS	Q9UHB9	16	27	GGGGGSGGGGS	56.0	90.9090909090909
A0A0D2GAU3	147	158	GGGGGSAGGGS	Q9UKM9	233	244	GGGGGSGGGGS	56.0	90.9090909090909
A0A0D2GB15	182	196	SRSRSRSRSRERRP	Q01130	178	192	SRSRSRSRSRSRSP	56.0	85.71428571428571
A0A0D2GDA7	463	478	QGQGQEQDQDQDQDQ	Q5VXT5	240	256	GQGQGQDQDQDQDQGQ	71.0	86.66666666666667
A0A0D2GE95	68	82	AAATAAAPSPTPLP	Q9UHC7	18	32	AAATAAAASPTPIP	60.0	85.71428571428571
A0A0D2GEX5	91	102	PSPASSSPSPP	Q9H7N4	198	209	PSPSSSSPSPP	56.0	90.9090909090909
A0A0D2GFF4	153	167	DIEDEEDEDEDEEE	P17480	680	694	DEEDEDDEDEDEEE	64.0	85.71428571428571
A0A0D2GFF4	165	178	EEDEDEDEDEQEE	Q92688	219	232	EEDEDEDEDEEEE	66.0	92.3076923076923
A0A0D2GH63	321	332	RGRGRGRGRAG	P62314	105	116	RGRGRGRGRGG	55.0	90.9090909090909
A0A0D2GH63	321	332	RGRGRGRGRAG	Q6PKG0	343	354	RGRGRGRGRGG	55.0	90.9090909090909
A0A0D2GH63	321	332	RGRGRGRGRAG	Q86V81	22	33	RGGGRGRGRAG	52.0	90.9090909090909
A0A0D2GH63	321	332	RGRGRGRGRAG	Q8NAF0	25	36	RGRGRGRGRGG	55.0	90.9090909090909
A0A0D2GHA2	142	155	VTTTTTTTTTTIA	O15054	750	763	VTTTTTTTTTTTA	57.0	92.3076923076923
A0A0D2GHI0	193	207	TSTTSTTTTTTTTT	Q12955	3961	3978	TTTTATTTTTTTTTTTT	62.0	85.71428571428571
A0A0D2GHI0	195	209	TTSTTTTTTTTTSH	Q9HCJ0	756	770	TTNTTTTTTTTTSN	61.0	85.71428571428571
A0A0D2GI27	116	127	PTPPARRRRGT	Q96L96	726	737	PTPPARRRHGT	56.0	90.9090909090909
A0A0D2GI78	31	45	GQMTAQMGQMGQMG	Q92793	2261	2275	GQMAAQMGQLGQMG	65.0	85.71428571428571
A0A0D2GI78	547	559	QQGQQQPQQQQQ	Q6PJG2	247	259	QQQQQQPQQQQQ	55.0	91.66666666666667
A0A0D2GI78	708	721	QQQQQQQQPTQGP	Q8WV24	196	209	QQQQQQQQPGQGP	63.0	92.3076923076923
A0A0D2GI78	804	816	QNLQQQQQQQQQ	Q10571	519	531	QSLQQQQQQQQQ	55.0	91.66666666666667
A0A0D2GIH3	10	28	EEEEELELPEDDDEEEEE	Q8IX15	516	534	EEEEEEELPEDDEEEEEE	82.0	88.88888888888889
A0A0D2GIH3	32	46	DDEDDEDGDEEEEE	P05067	243	257	DDEDDEDGDEVEEE	70.0	92.85714285714286
A0A0D2GIH3	32	46	DDEDDEDGDEEEEE	Q9UER7	435	449	DDEDDEESDEEEEE	67.0	85.71428571428571
A0A0D2GIH3	33	47	DEDDEDGDEEEEED	P17480	683	697	DEDDEDEDEEEEDD	66.0	85.71428571428571
A0A0D2GIH3	81	95	PTAQEEEEEEEEEE	P14314	310	324	PTEEEEEEEEEEEE	63.0	85.71428571428571
A0A0D2GIH3	83	97	AQEEEEEEEEEEDE	Q4LE39	541	555	AEEEEEEEEEEEDE	67.0	92.85714285714286
A0A0D2GIH3	83	97	AQEEEEEEEEEEDE	Q9H4L4	73	87	ASEEEEEEEEEEDE	65.0	92.85714285714286
A0A0D2GIH3	84	98	QEEEEEEEEEEDEE	O60841	532	546	EEEEEEEEEEEDEE	68.0	92.85714285714286
A0A0D2GIH3	84	98	QEEEEEEEEEEDEE	Q06481	216	230	EEEDEEEEEEEDEE	65.0	85.71428571428571
A0A0D2GIH3	84	98	QEEEEEEEEEEDEE	Q4KMQ1	605	619	QEEEEEEEEEEEEE	67.0	92.85714285714286
A0A0D2GIH3	84	98	QEEEEEEEEEEDEE	Q5TCY1	736	750	EEEEDEEEEEEDEE	65.0	85.71428571428571
A0A0D2GIH3	84	98	QEEEEEEEEEEDEE	Q8N2W9	478	492	EEEEEEEEEDEDEE	65.0	85.71428571428571
A0A0D2GIH3	84	98	QEEEEEEEEEEDEE	Q9H7N4	271	285	EEEEEEEEEEEDEE	68.0	92.85714285714286
A0A0D2GIH3	84	98	QEEEEEEEEEEDEE	Q9P1Z0	639	653	EEEEDEEEEEEDEE	65.0	85.71428571428571
A0A0D2GIH3	84	98	QEEEEEEEEEEDEE	Q9UKV3	270	284	EEEEEEEEEEEDDE	65.0	85.71428571428571
A0A0D2GIH3	86	101	EEEEEEEEEDEENGE	Q8WYB5	1355	1370	EEEEEEEEEEEEEGE	68.0	86.66666666666667
A0A0D2GIH3	84	99	QEEEEEEEEEEDEEN	Q8WYB5	1078	1105	EEEEEEEEEEEDEEEEEEEEEEEEEEN	70.0	86.66666666666667
A0A0D2GIH3	84	100	QEEEEEEEEEEDEENG	Q96KQ7	312	328	EEEEEEEEEEEDEESG	75.0	87.5
A0A0D2GIH3	85	99	EEEEEEEEEEDEEN	P46100	1453	1467	EEEEEEEEEEEDEN	65.0	85.71428571428571
A0A0D2GIH3	85	99	EEEEEEEEEEDEEN	Q9UL68	154	168	EEEEEEEEEEEEEN	68.0	92.85714285714286
A0A0D2GIH3	86	100	EEEEEEEEEDEENG	A0A1W2PR82	34	48	EEEEEEEEEEEEEG	63.0	85.71428571428571
A0A0D2GIH3	86	100	EEEEEEEEEDEENG	C9JLR9	187	201	EEEEEEEEEEEEEG	63.0	85.71428571428571
A0A0D2GIH3	86	100	EEEEEEEEEDEENG	O60840	812	826	EEEEEEEEEEEEEG	63.0	85.71428571428571
A0A0D2GIH3	86	100	EEEEEEEEEDEENG	P07199	406	420	EEEEEEEEEEEEEG	63.0	85.71428571428571
A0A0D2GIH3	86	100	EEEEEEEEEDEENG	Q9HCE9	588	602	EEEDEEEEEDEEEG	64.0	85.71428571428571
A0A0D2GIH3	86	100	EEEEEEEEEDEENG	Q9UL54	379	393	EEEEEEEEEEEEEG	63.0	85.71428571428571
A0A0D2GIH3	87	101	EEEEEEEEDEENGE	O94827	711	725	EEEEEEEEEEEEGE	63.0	85.71428571428571
A0A0D2GIZ9	122	148	SGSGGSSGGSSGGSSAGGSSSGGSSG	Q6E0U4	265	290	GSSSGGSSSGSSSGGSSGGSSGGSS	85.0	86.36363636363636
A0A0D2GIZ9	125	139	GGSSGGSSGGSSAG	O95071	136	150	GGSGGGSSGRSSAG	58.0	85.71428571428571
A0A0D2GIZ9	127	141	SSGGSSGGSSAGGS	Q9NZL4	22	36	SSGGGGGGSSAGGS	60.0	85.71428571428571
A0A0D2GIZ9	131	145	SSGGSSAGGSSSGG	P35908	596	610	SSGGGSRGGSSSGG	59.0	85.71428571428571
A0A0D2GIZ9	133	147	GGSSAGGSSSGGSS	Q9BZ72	620	634	GGSSGGGGSSGGSS	60.0	85.71428571428571
A0A0D2GIZ9	134	148	GSSAGGSSSGGSSG	Q9Y5R6	43	57	GSSAGGSSRGGGSG	59.0	85.71428571428571
A0A0D2GJU8	85	95	QQPQQQPPPQ	O94991	802	812	QQPQQQPPPQ	58.0	100.0
A0A0D2GJU8	85	95	QQPQQQPPPQ	Q96EV2	594	604	QQPQQQPPPQ	58.0	100.0
A0A0D2GJY2	165	176	SGGGGGGGSSG	O14782	268	279	SGGGGGGGGSG	56.0	90.9090909090909
A0A0D2GJY2	165	176	SGGGGGGGSSG	P23490	19	30	SGGGGGGGGSG	56.0	90.9090909090909
A0A0D2GJY2	165	176	SGGGGGGGSSG	Q12791	2	13	NGGGGGGGSSG	57.0	90.9090909090909
A0A0D2GJY2	165	176	SGGGGGGGSSG	Q15406	8	19	SGGGGGGGSAG	57.0	90.9090909090909
A0A0D2GJY2	165	176	SGGGGGGGSSG	Q8IXZ3	438	449	SGGGGGGGSAG	57.0	90.9090909090909
A0A0D2GJY2	165	176	SGGGGGGGSSG	Q9Y2X9	26	37	SGGGGGGGSSG	60.0	100.0
A0A0D2GJY2	166	176	GGGGGGGSSG	Q12906	702	712	GGGGGGGSSG	56.0	100.0
A0A0D2GJY2	166	176	GGGGGGGSSG	Q9BZ72	615	625	GGGGGGGSSG	56.0	100.0
A0A0D2GJY2	166	176	GGGGGGGSSG	Q9HCJ5	19	29	GGGGGGGSSG	56.0	100.0
A0A0D2GJY2	165	175	SGGGGGGGSS	Q9UKM9	243	253	SGGGGGGGSS	54.0	100.0
A0A0D2GKL7	179	190	SEGGKPPPPPP	Q13319	149	160	SGGGKPPPPPP	61.0	90.9090909090909
A0A0D2GKQ7	361	372	DSDDDDDDDDE	Q6PL18	267	278	DDDDDDDDDDE	59.0	90.9090909090909
A0A0D2GKQ7	361	372	DSDDDDDDDDE	Q9BXN1	41	52	DDDDDDDDDDE	59.0	90.9090909090909
A0A0D2GKT4	36	48	ASGGAGGSGGSG	Q8WXS5	244	256	AGGGAGGSGGSG	58.0	91.66666666666667
A0A0D2GKT4	38	49	GGAGGSGGSGG	P14651	159	170	GGGGGSGGSGG	56.0	90.9090909090909
A0A0D2GKT4	38	49	GGAGGSGGSGG	Q96PX6	375	386	GGSGGSGGSGG	57.0	90.9090909090909
A0A0D2GL32	425	436	RGRGRGGRGDG	Q9P2N5	953	964	RGRGRGGRGRG	54.0	90.9090909090909
A0A0D2GLG6	6	17	HSFPTPPTSAA	Q5VV43	301	312	HSIPTPPTSAA	55.0	90.9090909090909
A0A0D2GMQ5	153	167	SRSRDRSRRRSGSR	Q13247	193	207	SRSRSRSRRRSRSR	53.0	85.71428571428571
A0A0D2GNB3	57	68	ARPSAGGGGGG	Q7Z5N4	4	15	ARPSAAGGGGG	54.0	90.9090909090909
A0A0D2GNB9	570	580	HSDDDDDDDD	O94763	296	306	HSDDDDDDDD	60.0	100.0
A0A0D2GPP3	34	46	PPPPSQPQQQPP	O94991	798	810	PPPPQQPQQQPP	69.0	91.66666666666667
A0A0D2GS55	180	191	SGLPTPGLSPP	Q13495	328	339	SGLPPPGLSPP	55.0	90.9090909090909
A0A0D2GSC3	357	368	PVNPSPAQPPP	P46108	69	80	PVPPSPAQPPP	57.0	90.9090909090909
A0A0D2GSN1	123	137	QGPPPPGEFQGPPP	P02812	274	288	QGPPPPGKPQGPPP	74.0	85.71428571428571
A0A0D2GSN1	123	137	QGPPPPGEFQGPPP	P02812	150	164	QGPPPPGKPQGPPP	74.0	85.71428571428571
A0A0D2GSN1	123	137	QGPPPPGEFQGPPP	P02812	212	226	QGPPPPGKPQGPPP	74.0	85.71428571428571
A0A0D2GSN1	123	137	QGPPPPGEFQGPPP	P02812	336	350	QGPPPPGKPQGPPP	74.0	85.71428571428571
A0A0D2GSN1	123	137	QGPPPPGEFQGPPP	P04280	251	265	QGPPPPGKPQGPPP	74.0	85.71428571428571
A0A0D2GSN1	123	137	QGPPPPGEFQGPPP	P04280	190	204	QGPPPPGKPQGPPP	74.0	85.71428571428571
A0A0D2GSN1	123	137	QGPPPPGEFQGPPP	P04280	68	82	QGPPPPGKPQGPPP	74.0	85.71428571428571
A0A0D2GSN1	123	137	QGPPPPGEFQGPPP	P04280	129	143	QGPPPPGKPQGPPP	74.0	85.71428571428571
A0A0D2GSN1	123	137	QGPPPPGEFQGPPP	P10163	257	271	QGPPPPGKPQGPPP	74.0	85.71428571428571
A0A0D2GT52	87	100	QQQQQQQQQQVAR	O00555	2316	2329	QQQQQQQQQAVAR	57.0	92.3076923076923
A0A0D2GT52	87	98	QQQQQQQQQQV	O94916	878	889	QQQQQQQQQQV	54.0	100.0
A0A0D2GT52	87	99	QQQQQQQQQQVA	Q9Y6R0	436	448	QQQQQQQQQQAA	54.0	91.66666666666667
A0A0D2GTD4	467	479	RSLSDPTPLSPT	Q9UPA5	2847	2859	RSLSDPKPLSPT	56.0	91.66666666666667
A0A0D2GTW8	300	311	PRERERERERD	Q96MU7	677	688	PRERDRERERD	55.0	90.9090909090909
A0A0D2GU83	324	338	EIEEEEEEDEEEGE	Q8WXI2	874	888	EVEEEEEEEEEEGE	66.0	85.71428571428571
A0A0D2GU83	326	338	EEEEEEDEEEGE	Q9HCE9	591	603	DEEEEEDEEEGE	59.0	91.66666666666667
A0A0D2GU83	326	340	EEEEEEDEEEGEFE	A0A1W2PR82	37	51	EEEEEEEEEEGEGE	60.0	85.71428571428571
A0A0D2GU83	326	340	EEEEEEDEEEGEFE	P07199	409	423	EEEEEEEEEEGEGE	60.0	85.71428571428571
A0A0D2GU83	326	340	EEEEEEDEEEGEFE	P48751	135	149	EEEEEEEEEEGESE	61.0	85.71428571428571
A0A0D2GU83	326	340	EEEEEEDEEEGEFE	Q8WYB5	1358	1372	EEEEEEEEEEGEEE	60.0	85.71428571428571
A0A0D2GUA3	325	336	GGGTGVGGAGG	Q9UMD9	435	446	GGGGGVGGAGG	54.0	90.9090909090909
A0A0D2GUB0	308	320	DTPPPTPRAARL	O75145	712	724	DTPPPTPRSARL	63.0	91.66666666666667
A0A0D2GVT6	136	150	VQGEEDGEEEEEEE	Q6L9W6	602	616	VEGEEEGEEEEEEE	65.0	85.71428571428571
A0A0D2GVT6	139	153	EEDGEEEEEEEEEE	Q1XH10	414	428	EEEGEEEEEEEEEE	68.0	92.85714285714286
A0A0D2GVT6	139	153	EEDGEEEEEEEEEE	Q96MU7	225	239	DEDGEEEEEEEEEE	69.0	92.85714285714286
A0A0D2GVT6	139	153	EEDGEEEEEEEEEE	A0A0U1RQG5	89	103	EEDEEEEEEEEEEE	64.0	92.85714285714286
A0A0D2GVT6	139	153	EEDGEEEEEEEEEE	O15347	181	195	EEDEEEEEEEEEEE	64.0	92.85714285714286
A0A0D2GVT6	139	153	EEDGEEEEEEEEEE	P0C7V8	121	135	EEGGEEEEEEEEEE	65.0	92.85714285714286
A0A0D2GVT6	139	153	EEDGEEEEEEEEEE	P46060	380	394	EEDEEEEEEEEEEE	64.0	92.85714285714286
A0A0D2GVT6	139	153	EEDGEEEEEEEEEE	Q5TCY1	745	759	EEDEEEEEEEEEEE	64.0	92.85714285714286
A0A0D2GVT6	139	153	EEDGEEEEEEEEEE	Q6T4P5	445	459	EEDEEEEEEEEEEE	64.0	92.85714285714286
A0A0D2GVT6	139	153	EEDGEEEEEEEEEE	Q8WYB5	1074	1088	EEDEEEEEEEEEEE	64.0	92.85714285714286
A0A0D2GVT6	139	153	EEDGEEEEEEEEEE	Q9H5I5	886	900	EEDGEEEEESEEEE	67.0	92.85714285714286
A0A0D2GVT6	139	153	EEDGEEEEEEEEEE	Q9UFB7	279	293	EEDDEEEEEEEEEE	65.0	92.85714285714286
A0A0D2GVU0	873	884	SSGAGGGGYGG	P13645	533	544	SSGGGGGGYGG	57.0	90.9090909090909
A0A0D2GW03	110	121	PLPPPPLAGAG	Q15942	71	82	PLPPPPLAGDG	57.0	90.9090909090909
A0A0D2GW05	422	434	PAPLGLPSTPSP	Q99466	84	96	PAPLGLPSSPSP	62.0	91.66666666666667
A0A0D2GW47	220	231	PPPRRRSPRLR	P84103	108	119	PPPRRRSPRRR	55.0	90.9090909090909
A0A0D2GW70	17	30	GSSSGSGSGSGSG	P10124	98	111	GSGSGSGSGSGSG	60.0	92.3076923076923
A0A0D2GW70	16	30	DGSSSGSGSGSGSG	Q86YV5	338	352	DGLSCGSGSGSGSG	59.0	85.71428571428571
A0A0D2GW70	18	31	SSSGSGSGSGSGS	Q9NUE0	48	61	SSSGSGSGSGSGS	62.0	100.0
A0A0D2GW79	338	349	EEPVAEPGPDP	Q13283	187	198	EEPVAEPEPDP	55.0	90.9090909090909
A0A0D2GW91	13	27	QQQSQQQQSQQQQG	Q92793	2203	2217	QQQQQQQQQQQQQG	61.0	85.71428571428571
A0A0D2GX11	667	683	VPTSTTTATTTTTTTT	Q12955	3958	3974	VTTTTTTATTTTTTTT	68.0	87.5
A0A0D2GXB4	3	15	PRSPRRPQTPTP	Q8NBB4	7	19	PASPRRPQTPTP	63.0	91.66666666666667
A0A0D2GXB4	21	32	PPPPAPAAPSP	Q13387	416	427	PPPPAPAAPRP	60.0	90.9090909090909
A0A0D2GXH1	384	398	EEIKDEDEDEDEDE	Q13438	413	429	EEEEDEDEDEDEDEDE	63.0	85.71428571428571
A0A0D2GXH1	384	398	EEIKDEDEDEDEDE	Q9BTT0	190	204	EEEEDEDEDEDEDE	63.0	85.71428571428571
A0A0D2GXH1	391	402	EDEDEDEDEDG	O75167	452	463	DDEDEDEDEDG	58.0	90.9090909090909
A0A0D2GXH1	390	401	DEDEDEDEDED	Q5H9L4	339	352	DEDEDEDEDEDED	61.0	100.0
A0A0D2GXX3	333	347	GSDEEEEEEGGEED	P46087	109	123	GSDEEEEEEDSEED	61.0	85.71428571428571
A0A0D2GXX3	335	349	DEEEEEEGGEEDEE	P46060	361	375	DEEEEEEGEEEEEE	62.0	85.71428571428571
A0A0D2GXX3	335	349	DEEEEEEGGEEDEE	Q9HCG8	424	438	DEEEEEEEGEEDEE	66.0	92.85714285714286
A0A0D2GZA3	56	70	GGSSGSSGSSSSGG	Q9UGU0	44	58	GGSSGSSGSGSGGG	60.0	85.71428571428571
A0A0D2H074	381	392	EDEDDDEDDDE	P17480	728	739	EDEDDDEDDDE	62.0	100.0
A0A0D2H074	381	391	EDEDDDEDDD	Q86V15	1692	1702	EDEDDDEDDD	57.0	100.0
A0A0D2H0P2	239	249	GFRGGRGGGF	Q9NY12	202	212	GFRGGRGGGF	58.0	100.0
A0A0D2H276	187	198	EEEDDDDEDDD	P07199	519	530	EEEDDEDEDDD	58.0	90.9090909090909
A0A0D2H276	187	198	EEEDDDDEDDD	P19338	237	248	EEEDDEDEDDD	58.0	90.9090909090909
A0A0D2H276	187	198	EEEDDDDEDDD	Q6AI12	95	106	EEEDDDDDDDD	59.0	90.9090909090909
A0A0D2H276	187	198	EEEDDDDEDDD	Q8IX15	534	545	EEEDDDDDDDD	59.0	90.9090909090909
A0A0D2H2M1	152	163	VDSPGGAGTGG	Q8TAY7	217	228	VDSPGGAGGGG	53.0	90.9090909090909
A0A0D2H329	298	309	RGRGGRGAGRG	Q6RI45	1708	1719	RGRGGRGASRG	54.0	90.9090909090909
A0A0D2H3C1	50	64	AAPPASLPTSAPGL	P58012	329	343	AAPPAPAPTSAPGL	61.0	85.71428571428571
A0A0D2H436	599	610	GVEEDDDDDDD	Q6AI12	93	104	GVEEEDDDDDD	58.0	90.9090909090909
A0A0D2H5M3	413	424	PPPPPSLSPAR	Q9BUJ2	710	721	PPPPPSYSPAR	58.0	90.9090909090909
A0A0D2H5Q2	85	96	QEGQQQQQPQQ	Q9UGU0	309	320	QQGQQQQQPQQ	55.0	90.9090909090909
A0A0D2H5U5	511	524	SRSRSVRKRRSRS	Q9UPN6	405	418	SRSRSPRKRRSRS	53.0	92.3076923076923
A0A0D2H6W8	534	546	QQQQQQQQQVGG	P19484	35	47	QQQQQQQQQLGG	58.0	91.66666666666667
A0A0D2H701	1359	1373	SSSTTTTTTTTTTG	Q9UK58	24	38	SSSGTTTTTTTTTG	61.0	92.85714285714286
A0A0D2H7B4	102	114	GAGAAAGAGAGA	Q5H9R4	1817	1829	GAGAEAGAGAGA	53.0	91.66666666666667
A0A0D2H7B4	102	114	GAGAAAGAGAGA	Q2VWA4	362	374	GAGAGAGAGAGA	54.0	91.66666666666667
A0A0D2H7J6	220	231	TTVPPPPPAAP	Q8IZL2	101	112	TTAPPPPPAAP	60.0	90.9090909090909
A0A0D2H938	486	497	RGGARGGARGA	Q5BIV9	35	46	RGGVRGGARGA	53.0	90.9090909090909
A0A0D2H9D6	150	165	SSSGGSGTGGGSGSG	Q8NFJ8	207	222	SSSGSSGGGGGSGSG	64.0	86.66666666666667
A0A0D2H9D6	83	94	DPDPDPDPEKE	Q96LK8	54	65	DPDPDPDPELE	60.0	90.9090909090909
A0A0D2H9I5	1028	1039	EPEPEPEPEEQ	Q86U42	62	73	EPEPEPEPEEE	60.0	90.9090909090909
A0A0D2HC20	103	117	GQRPPVPSPAAAGA	A6NEL2	167	181	GQRPPVPAAAAAGA	63.0	85.71428571428571
A0A0D2HD63	17	28	KPQPQPQSQPQ	Q8WUF5	410	421	QPQPQPQSQPQ	58.0	90.9090909090909
A0A0D2HD63	17	28	KPQPQPQSQPQ	Q8WV24	325	336	QPQPQPQSQPQ	58.0	90.9090909090909
A0A0D2HF65	194	206	GSGSGSGSGSGS	P10124	98	110	GSGSGSGSGSGS	60.0	100.0
A0A0D2HF65	193	205	AGSGSGSGSGSG	Q9BSG5	216	228	AGSGSGSGSGSG	60.0	100.0
A0A0D2HF65	196	210	GSGSGSGSGSSSGS	O14646	24	38	GSASGSGSGSSSGS	62.0	92.85714285714286
A0A0D2HFA7	53	64	RTARRGGGSGG	Q8IUH8	215	226	RRARRGGGSGG	52.0	90.9090909090909
A0A0D2HGJ2	164	178	EEQQQQQQQLQQQQ	O94916	1247	1261	QEQQQQQQQQQQQQ	60.0	85.71428571428571
A0A0D2HGJ2	164	178	EEQQQQQQQLQQQQ	P20226	52	66	EEQQRQQQQQQQQQ	59.0	85.71428571428571
A0A0D2HGJ2	164	178	EEQQQQQQQLQQQQ	Q93074	2049	2063	EQQQQQQQQQQQQQ	60.0	85.71428571428571
A0A0D2HGJ2	164	178	EEQQQQQQQLQQQQ	Q9UGI6	27	41	DEQQQQQQQQQQQQ	60.0	85.71428571428571
A0A0D2HGJ2	165	178	EQQQQQQQLQQQQ	P54253	195	208	EQQQQQQQQQQQQ	58.0	92.3076923076923
A0A0D2HGJ2	168	180	QQQQQLQQQQNQ	Q96RN5	204	216	QQQQQLQQQQQQ	54.0	91.66666666666667
A0A0D2HGJ2	168	180	QQQQQLQQQQNQ	Q9ULV3	4	16	QQQQQLQQQQQQ	54.0	91.66666666666667
A0A0D2HH53	133	145	RGSFEGRGRGRG	Q659C4	144	156	RGSFRGRGRGRG	60.0	91.66666666666667
A0A0D2HH53	145	155	AERGARGGRG	Q9NQS1	2	12	AERGARGGRG	52.0	100.0
A0A0D2HHJ3	115	125	GGGAGGGGGA	Q9Y2T7	39	49	GGGAGGGGGA	56.0	100.0
A0A0D2HKP1	30	41	GGGGDSGSGGG	P50548	289	300	GGGGPSGSGGG	55.0	90.9090909090909
A0A0D2HL37	39	50	LPGDNPPPPPP	O95466	579	590	LPGDLPPPPPP	62.0	90.9090909090909
A0A0D2HL37	44	55	PPPPPPEDPLS	O14529	445	456	PPPPGPEDPLS	59.0	90.9090909090909
A0A0D2HML9	134	145	SRSRSRSRSPP	Q01130	182	193	SRSRSRSRSPP	54.0	100.0
A0A0D2HML9	172	186	KSKSRDRSRSSSRD	Q13247	330	344	RSKSRSRSRSSSRD	57.0	85.71428571428571
A0A0D2HN04	116	127	APAEVPAPAPA	Q9Y2I1	1053	1064	APAEVPAPAPA	57.0	100.0
A0A0D2HN81	227	241	TTTATTTSDTTTTT	Q12955	3962	3976	TTTATTTTTTTTTT	59.0	85.71428571428571
A0A0D2HNM5	1478	1488	ARAGPGPGPG	O00268	167	177	ARAGPGPGPG	58.0	100.0
A0A0D2HPS9	608	619	PPQQPQQPPQP	O95104	942	953	PPQQPQQQPQP	59.0	90.9090909090909
